sku,name_ar,name_en,oem,vehicle_models,category_key,cost_rmb,image_file,source_file
GM-11127548196,غطاء التاكيهات,Valve Cover,1112 7548 196,,engine-components,300,GM-11127548196-1.jpg,CULU6339343
GM-11127568582,غطاء التاكيهات,Valve Cover,1112 7568 582,N46,engine-components,165,GM-11127568582-1.jpg,CULU6339343
GM-11127611278,غطاء التاكيهات,Valve Cover,1112 7611 278,"G20,G38,G12,B48",engine-components,200,GM-11127611278-1.jpg,CULU6339343
GM-11537644811,حساس حرارة - وحدة طاقة حرارية,Thermostat - Thermal Energy Module,1153 7644 811,,cooling-system,265,GM-11537644811-1.jpg,CULU6339343
GM-13717605638,ماسورة سحب,Intake Pipe,1371 7605 638,"F35,F18,F25",fuel-air-intake,25,GM-13717605638-1.jpg,CULU6339343
GM-17137787039,خزان مياه مساعد,Auxiliary Water Tank,1713 7787 039,,cooling-system,60,GM-17137787039-1.jpg,CULU6339343
GM-17137787040,خزان مياه مساعد,Auxiliary Water Tank,1713 7787 040,E46,cooling-system,60,GM-17137787040-1.jpg,CULU6339343
GM-17217600553,مبرد زيت الفتيس,Transmission Oil Cooler,1721 7600 553,,cooling-system,160,GM-17217600553-1.jpg,CULU6339343
GM-11537526941,ماسورة رادياتير,Radiator Water Pipe,1153 7526 941,"E81,E90,E89",cooling-system,30,GM-11537526941-1.jpg,CULU6339343
GM-11537581576,خرطوم تبريد,Coolant Hose,1153 7581 576,,cooling-system,27,GM-11537581576-1.jpg,CULU6339343
GM-11537581942,خرطوم تبريد,Coolant Hose,1153 7581 942,,cooling-system,40,GM-11537581942-1.jpg,CULU6339343
GM-11537600586,ماسورة وصل,Connecting Pipe,1153 7600 586,"F20,F30,F35",cooling-system,35,GM-11537600586-1.jpg,CULU6339343
GM-11537603514,ماسورة مياه بلوك,Cylinder Block Water Pipe,1153 7603 514,,cooling-system,15,GM-11537603514-1.jpg,CULU6339343
GM-11537643226,TURBOCHARGER PIPE,Turbocharger Pipe,1153 7643 226,"G38,G30",misc-accessories,35,GM-11537643226-1.jpg,CULU6339343
GM-11538663517,TURBOCHARGER EXHAUST PIPE,Turbocharger Exhaust Pipe,1153 8663 517,"F18,F35,N20",misc-accessories,35,GM-11538663517-1.jpg,CULU6339343
GM-17127646155,ماسورة مياه علوية,Upper Water Pipe,1712 7646 155,"X3,F25",cooling-system,35,GM-17127646155-1.jpg,CULU6339343
GM-17128620944,خرطوم تبريد,Coolant Hose,1712 8620 944,"F20,F30",cooling-system,20,GM-17128620944-1.jpg,CULU6339343
GM-22326775916,كرسي فتيس,Transmission Rubber,2232 6775 916,,engine-transmission-mounts,20,GM-22326775916-1.jpg,CULU6339343
GM-31106861161,مقص سفلي أمامي شمال - منحني,Front Wheel Lower Control Arm L - Bend,3110 6861 161,"G30,G38",suspension,140,GM-31106861161-1.jpg,CULU6339343
GM-31106861162,مقص سفلي أمامي يمين - منحني,Front Wheel Lower Control Arm R - Bend,3110 6861 162,"G30,G38",suspension,140,GM-31106861162-1.jpg,CULU6339343
GM-31106861177,مقص سفلي أمامي شمال - مستقيم,Front Wheel Lower Control Arm L - Straight,3110 6861 177,"G30,G38",suspension,115,GM-31106861177-1.jpg,CULU6339343
GM-31106861178,مقص سفلي أمامي يمين - مستقيم,Front Wheel Lower Control Arm R - Straight,3110 6861 178,"G30,G38",suspension,115,GM-31106861178-1.jpg,CULU6339343
GM-31126852991,مقص سفلي أمامي شمال - مستقيم,Front Wheel Lower Control Arm L - Straight,3112 6852 991,"F35,F20,F30",suspension,65,GM-31126852991-1.jpg,CULU6339343
GM-31126852992,مقص سفلي أمامي يمين - مستقيم,Front Wheel Lower Control Arm R - Straight,3112 6852 992,"F35,F20,F30",suspension,65,GM-31126852992-1.jpg,CULU6339343
GM-31126855741,مقص سفلي أمامي شمال - منحني,Front Wheel Lower Control Arm L - Bend,3112 6855 741,"F35,F20,F30",suspension,110,GM-31126855741-1.jpg,CULU6339343
GM-31126855742,مقص سفلي أمامي يمين - منحني,Front Wheel Lower Control Arm R - Bend,3112 6855 742,"F35,F20,F30",suspension,110,GM-31126855742-1.jpg,CULU6339343
GM-31306775098,كرسي مساعد أمامي,Front Shock Absorber Top Rubber,3130 6775 098,,suspension,30,GM-31306775098-1.jpg,CULU6339343
GM-31336855440,مطاط صدمات أمامي,Front Buffer Rubber,3133 6855 440,,suspension,8,GM-31336855440-1.jpg,CULU6339343
GM-33306772241,REAR WHEEL CONTROL ARM L,Rear Wheel Control Arm L,3330 6772 241,"E60,E63,E66",suspension,70,GM-33306772241-1.jpg,CULU6339343
GM-33306772242,REAR WHEEL CONTROL ARM R,Rear Wheel Control Arm R,3330 6772 242,"E60,E63,E66",suspension,70,GM-33306772242-1.jpg,CULU6339343
GM-64219354459,خرطوم تبريد,Coolant Hose,6421 9354 459,,cooling-system,50,GM-64219354459-1.jpg,CULU6339343
GM-11127584128,EXHAUST HOSE,Exhaust Hose,1112 7584 128,,cooling-system,25,GM-11127584128-1.jpg,CULU6339343
GM-11531436407,خرطوم تبريد,Coolant Hose,1153 1436 407,E46,cooling-system,28,GM-11531436407-1.jpg,CULU6339343
GM-11531705224,خرطوم تبريد,Coolant Hose,1153 1705 224,E39,cooling-system,28,GM-11531705224-1.jpg,CULU6339343
GM-11537522999,ماسورة رادياتير,Radiator Water Pipe,1153 7522 999,"E60,E65,E66",cooling-system,30,GM-11537522999-1.jpg,CULU6339343
GM-11537580969,ماسورة مياه بلوك,Cylinder Block Water Pipe,1153 7580 969,"F02,F18,F07",cooling-system,20,GM-11537580969-1.jpg,CULU6339343
GM-11537592094,HEAT EXCHANGER HOSE,Heat Exchanger Hose,1153 7592 094,,cooling-system,55,GM-11537592094-1.jpg,CULU6339343
GM-11538663516,ماسورة سحب,Turbocharger Intake Pipe,1153 8663 516,"F18,F35,N20",fuel-air-intake,35,GM-11538663516-1.jpg,CULU6339343
GM-13717597586,ماسورة سحب,Intake Pipe,1371 7597 586,"F20,F30,F35",fuel-air-intake,25,GM-13717597586-1.jpg,CULU6339343
GM-22316796617,كرسي فتيس,Transmission Rubber,2231 6796 617,,engine-transmission-mounts,15,GM-22316796617-1.jpg,CULU6339343
GM-31126864821,FRONT WHEEL LOWER CONTROL ARM STRAIGHT L,Front Wheel Lower Control Arm Straight L,3112 6864 821,"X5,F15,F16",suspension,100,GM-31126864821-1.jpg,CULU6339343
GM-31126864822,FRONT WHEEL LOWER CONTROL ARM STRAIGHT R,Front Wheel Lower Control Arm Straight R,3112 6864 822,"X5,F15,F16",suspension,100,GM-31126864822-1.jpg,CULU6339343
GM-31126874341,LOWER CONTROL ARM BUSHING - L,Lower Control Arm Bushing - L,3112 6874 341,,suspension,70,GM-31126874341-1.jpg,CULU6339343
GM-31126874342,LOWER CONTROL ARM BUSHING - R,Lower Control Arm Bushing - R,3112 6874 342,,suspension,70,GM-31126874342-1.jpg,CULU6339343
GM-31126879841,مقص سفلي أمامي شمال,Front Wheel Lower Control Arm L,3112 6879 841,"F55,F56",suspension,185,GM-31126879841-1.jpg,CULU6339343
GM-31126879842,مقص سفلي أمامي يمين,Front Wheel Lower Control Arm R,3112 6879 842,"F55,F56",suspension,185,GM-31126879842-1.jpg,CULU6339343
GM-64219329643,خرطوم تبريد,Coolant Hose,6421 9329 643,"F20,F30",cooling-system,28,GM-64219329643-1.jpg,CULU6339343
GM-11317533879,TIMING CHAIN GUIDE,Timing Chain Guide,1131 7533 879,,engine-components,25,GM-11317533879-1.jpg,CULU6339343
GM-11428585235,مبرد زيت,Oil Cooler,1142 8585 235,,cooling-system,150,GM-11428585235-1.jpg,CULU6339343
GM-11531709232,وصلة ماسورة مياه,Water Pipe Connector,1153 1709 232,E46,cooling-system,12,GM-11531709232-1.jpg,CULU6339343
GM-12617501786,OIL LEVEL SENSOR,Oil Level Sensor,1261 7501 786,"E81,E87",sensors-electrical,60,GM-12617501786-1.jpg,CULU6339343
GM-17127531768,ماسورة مياه علوية,Upper Water Pipe,1712 7531 768,E90,cooling-system,35,GM-17127531768-1.jpg,CULU6339343
GM-17217593856,مبرد زيت الفتيس,Transmission Oil Cooler,1721 7593 856,"X3,F25,F26",cooling-system,145,GM-17217593856-1.jpg,CULU6339343
GM-22116768852,كرسي مكينة يمين,Engine Mount Rubber R,2211 6768 852,E90,engine-transmission-mounts,60,GM-22116768852-1.jpg,CULU6339343
GM-22116768853,كرسي مكينة شمال,Engine Mount Rubber L,2211 6768 853,E90,engine-transmission-mounts,60,GM-22116768853-1.jpg,CULU6339343
GM-22116785711,كرسي مكينة شمال,Engine Mount Rubber L,2211 6785 711,F26,engine-transmission-mounts,70,GM-22116785711-1.jpg,CULU6339343
GM-22116856183,كرسي مكينة شمال,Engine Mount Rubber L,2211 6856 183,"F35,F25",engine-transmission-mounts,65,GM-22116856183-1.jpg,CULU6339343
GM-22116856184,كرسي مكينة يمين,Engine Mount Rubber R,2211 6856 184,"F35,F25",engine-transmission-mounts,65,GM-22116856184-1.jpg,CULU6339343
GM-22116876791,SUPPORT RUBBER,Support Rubber,2211 6876 791,,misc-accessories,55,GM-22116876791-1.jpg,CULU6339343
GM-11117511395,جوان,Crankshaft Oil Seal,1111 7511 395,,engine-components,12,GM-11117511395-1.jpg,CULU6339343
GM-11317512520,CHAIN GUIDE,Chain Guide,1131 7512 520,N46,engine-components,55,GM-11317512520-1.jpg,CULU6339343
GM-11367560462,OIL SOLENOID VALVE,Oil Solenoid Valve,1136 7560 462,N46,sensors-electrical,40,GM-11367560462-1.jpg,CULU6339343
GM-11517511221,طلمبة مياه,Water Pump,1151 7511 221,"E60,E90,N46",cooling-system,80,GM-11517511221-1.jpg,CULU6339343
GM-11517572859,ثرموستات,Thermostat Cover,1151 7572 859,,cooling-system,30,GM-11517572859-1.jpg,CULU6339343
GM-11517597715,طلمبة مياه كهربائية,Electric Water Pump,1151 7597 715,N20,cooling-system,320,GM-11517597715-1.jpg,CULU6339343
GM-11518631692,طلمبة مياه,Water Pump,1151 8631 692,,cooling-system,70,GM-11518631692-1.jpg,CULU6339343
GM-11537586784,ثرموستات,Thermostat,1153 7586 784,,cooling-system,110,GM-11537586784-1.jpg,CULU6339343
GM-11538635689,ثرموستات,Thermostat,1153 8635 689,"F18,F35,N20",cooling-system,65,GM-11538635689-1.jpg,CULU6339343
GM-13907621174,CHARCOAL CANISTER SOLENOID VALVE,Charcoal Canister Solenoid Valve,1390 7621 174,,sensors-electrical,30,GM-13907621174-1.jpg,CULU6339343
GM-22116785601,كرسي مكينة شمال,Engine Mount Rubber L/R,2211 6785 601,,engine-transmission-mounts,55,GM-22116785601-1.jpg,CULU6339343
GM-31306884181,كرسي مساعد أمامي,Front Shock Absorber Top Rubber - With Bearing,3130 6884 181,,suspension,75,GM-31306884181-1.jpg,CULU6339343
GM-32106792029,ذراع تعشيق شمال,Steering Tie Rod L,3210 6792 029,"F30,F35",steering,50,GM-32106792029-1.jpg,CULU6339343
GM-32111096897,ذراع تعشيق شمال,Steering Tie Rod L,3211 1096 897,"E46,E85",steering,45,GM-32111096897-1.jpg,CULU6339343
GM-32111096898,ذراع تعشيق يمين,Steering Tie Rod R,3211 1096 898,"E46,E85",steering,45,GM-32111096898-1.jpg,CULU6339343
GM-11118511205VD,وصلة ماسورة مياه,Water Pipe Connector - Aluminum With Gasket,1111 8511 205VD,,cooling-system,10,GM-11118511205VD-1.jpg,CULU6339343
GM-11118618864,جوان أمامي لعمود الكرنك,Crankshaft Front Oil Seal,1111 8618 864,,engine-components,10,GM-11118618864-1.jpg,CULU6339343
GM-11127547058,صمام إعادة تدوير العادم EGR,Exhaust Gas Recirculation Valve (Egr Valve),1112 7547 058,N62,fuel-air-intake,13,GM-11127547058-1.jpg,CULU6339343
GM-11127552280,جوان,Sealant,1112 7552 280,,engine-components,20,GM-11127552280-1.jpg,CULU6339343
GM-11127555212DF,صمام إعادة تدوير العادم EGR,Exhaust Gas Recirculation Valve (Egr Valve),1112 7555 212DF,,fuel-air-intake,12,GM-11127555212DF-1.jpg,CULU6339343
GM-11127588412DF,صمام إعادة تدوير العادم EGR,Exhaust Gas Recirculation Valve (Egr Valve),1112 7588 412DF,N20,fuel-air-intake,10,GM-11127588412DF-1.jpg,CULU6339343
GM-11377502022,جوان,Sealing Ring,1137 7502 022,,engine-components,6,GM-11377502022-1.jpg,CULU6339343
GM-11427537293,رادياتير,Radiator Rubber Ring,1142 7537 293,N52,cooling-system,4,GM-11427537293-1.jpg,CULU6339343
GM-11537550172,ثرموستات,Thermostat,1153 7550 172,"E70,N54",cooling-system,90,GM-11537550172-1.jpg,CULU6339343
GM-11537600584,ثرموستات,Thermostat,1153 7600 584,,cooling-system,90,GM-11537600584-1.jpg,CULU6339343
GM-11617560538,INTAKE AIR CONTROL VALVE - SMALL,Intake Air Control Valve - Small,1161 7560 538,"N52,E90,F18,F02",fuel-air-intake,110,GM-11617560538-1.jpg,CULU6339343
GM-11617579114,INTAKE AIR CONTROL VALVE - LARGE,Intake Air Control Valve - Large,1161 7579 114,"N52,E90,F18,F02",fuel-air-intake,110,GM-11617579114-1.jpg,CULU6339343
GM-11781433940,حساس أكسجين خلفي,Rear Oxygen Sensor,1178 1433 940,,sensors-electrical,50,GM-11781433940-1.jpg,CULU6339343
GM-11787535269,FRONT OXYGEN SENSOR,Front Oxygen Sensor,1178 7535 269,,sensors-electrical,95,GM-11787535269-1.jpg,CULU6339343
GM-11787569968,حساس أكسجين خلفي,Rear Oxygen Sensor,1178 7569 968,,sensors-electrical,50,GM-11787569968-1.jpg,CULU6339343
GM-11787570104,FRONT OXYGEN SENSOR,Front Oxygen Sensor,1178 7570 104,,sensors-electrical,95,GM-11787570104-1.jpg,CULU6339343
GM-13621730033,حساس هواء,Mass Air Flow Sensor,1362 1730 033,E39,fuel-air-intake,120,GM-13621730033-1.jpg,CULU6339343
GM-13907643106,CHARCOAL CANISTER SOLENOID VALVE,Charcoal Canister Solenoid Valve,1390 7643 106,,sensors-electrical,30,GM-13907643106-1.jpg,CULU6339343
GM-17112248409,وصلة ماسورة مياه,Water Pipe Connector,1711 2248 409,,cooling-system,25,GM-17112248409-1.jpg,CULU6339343
GM-17217529499,مبرد زيت الفتيس,Transmission Oil Cooler,1721 7529 499,"N46,E90,E84",cooling-system,110,GM-17217529499-1.jpg,CULU6339343
GM-31226757024,رمان بلي أمامي,Front Wheel Hub,3122 6757 024,E46,driveline-hub,80,GM-31226757024-1.jpg,CULU6339343
GM-32106792030,ذراع تعشيق يمين,Steering Tie Rod R,3210 6792 030,"F30,F35",steering,50,GM-32106792030-1.jpg,CULU6339343
GM-32216762243,ذراع تعشيق شمال,Steering Tie Rod L,3221 6762 243,"X1,E84,E90",steering,45,GM-32216762243-1.jpg,CULU6339343
GM-11428583895,مبرد زيت,Oil Cooler,1142 8583 895,"B58,G38,G12,B57",cooling-system,235,GM-11428583895-1.jpg,CULU6339343
GM-31121094465,مقص سفلي أمامي شمال,Front Wheel Lower Control Arm L,3112 1094 465,"E46,E85",suspension,140,GM-31121094465-1.jpg,CULU6339343
GM-31121094466,مقص سفلي أمامي يمين,Front Wheel Lower Control Arm R,3112 1094 466,"E46,E85",suspension,140,GM-31121094466-1.jpg,CULU6339343
GM-31206850154,رمان بلي أمامي,Front Wheel Hub,3120 6850 154,"X3,F25",driveline-hub,160,GM-31206850154-1.jpg,CULU6339343
GM-31216765157,رمان بلي أمامي,Front Wheel Hub,3121 6765 157,E90,driveline-hub,130,GM-31216765157-1.jpg,CULU6339343
GM-11117547842,جوان أمامي لعمود الكرنك,Crankshaft Front Oil Seal,1111 7547 842,,engine-components,12,GM-11117547842-1.jpg,CULU6339343
GM-11148512597A,TIMING COVER,Timing Cover,1114 8512 597A,B38,engine-components,85,GM-11148512597A-1.jpg,CULU6339343
GM-11537572159,خرطوم تبريد,Coolant Hose,1153 7572 159,"E81,E87",cooling-system,20,GM-11537572159-1.jpg,CULU6339343
GM-17111742231,غطاء رادياتير,Radiator Cap,1711 1742 231,,cooling-system,10,GM-17111742231-1.jpg,CULU6339343
GM-17113400017,علبة رادياتير كاملة,Radiator Assembly Box,1711 3400 017,"X3,E83",cooling-system,60,GM-17113400017-1.jpg,CULU6339343
GM-17117507973,علبة رادياتير كاملة,Radiator Assembly Box,1711 7507 973,E60,cooling-system,42,GM-17117507973-1.jpg,CULU6339343
GM-17127519256,ماسورة مياه علوية,Upper Water Pipe,1712 7519 256,E60,cooling-system,45,GM-17127519256-1.jpg,CULU6339343
GM-17127520668,خرطوم تبريد,Coolant Hose,1712 7520 668,E46,cooling-system,40,GM-17127520668-1.jpg,CULU6339343
GM-17127521775,ماسورة خزان مياه مساعد,Auxiliary Water Tank Water Pipe,1712 7521 775,"E60,E63",cooling-system,20,GM-17127521775-1.jpg,CULU6339343
GM-17128651298,خرطوم تبريد,Coolant Hose,1712 8651 298,,cooling-system,15,GM-17128651298-1.jpg,CULU6339343
GM-24117571227,TRANSMISSION OIL PAN,Transmission Oil Pan,2411 7571 227,E90,engine-components,75,GM-24117571227-1.jpg,CULU6339343
GM-31126760181,مقص سفلي أمامي شمال - مستقيم,Front Wheel Lower Control Arm L - Straight,3112 6760 181,"E60,E63",suspension,70,GM-31126760181-1.jpg,CULU6339343
GM-31126760182,مقص سفلي أمامي يمين - مستقيم,Front Wheel Lower Control Arm R - Straight,3112 6760 182,"E60,E63",suspension,70,GM-31126760182-1.jpg,CULU6339343
GM-31126883017,مقص سفلي أمامي شمال,Front Wheel Lower Control Arm L,3112 6883 017,"F52,F49,F48",suspension,165,GM-31126883017-1.jpg,CULU6339343
GM-31126883018,مقص سفلي أمامي يمين,Front Wheel Lower Control Arm R,3112 6883 018,"F52,F49,F48",suspension,165,GM-31126883018-1.jpg,CULU6339343
GM-31336771352,مطاط صدمات أمامي,Front Buffer Rubber,3133 6771 352,E90,suspension,5,GM-31336771352-1.jpg,CULU6339343
GM-32411097164,POWER STEERING FLUID RESERVOIR,Power Steering Fluid Reservoir,3241 1097 164,"E46,E60,E90",steering,25,GM-32411097164-1.jpg,CULU6339343
GM-33176770947,REAR AXLE RUBBER,Rear Axle Rubber,3317 6770 947,,driveline-hub,25,GM-33176770947-1.jpg,CULU6339343
GM-11117568264,جوان أمامي لعمود الكرنك,Crankshaft Front Oil Seal,1111 7568 264,,engine-components,10,GM-11117568264-1.jpg,CULU6339343
GM-11127611277,غطاء التاكيهات,Valve Cover,1112 7611 277,"B38,F45,F48,F20",engine-components,200,GM-11127611277-1.jpg,CULU6339343
GM-11537510959,ثرموستات,Thermostat,1153 7510 959,E90,cooling-system,55,GM-11537510959-1.jpg,CULU6339343
GM-17138570079,خزان مياه مساعد,Auxiliary Water Tank,1713 8570 079,,cooling-system,90,GM-17138570079-1.jpg,CULU6339343
GM-24117571217,TRANSMISSION OIL PAN - 6 - SPEED,Transmission Oil Pan - 6 - Speed,2411 7571 217,,engine-components,70,GM-24117571217-1.jpg,CULU6339343
GM-33207598037,REAR HALF - SHAFT ASSEMBLY L,Rear Half - Shaft Assembly L,3320 7598 037,,driveline-hub,280,GM-33207598037-1.jpg,CULU6339343
GM-33207598038,REAR HALF - SHAFT ASSEMBLY R,Rear Half - Shaft Assembly R,3320 7598 038,,driveline-hub,280,GM-33207598038-1.jpg,CULU6339343
GM-11281435594,بكرة,Pulley,1128 1435 594,E46,engine-components,20,GM-11281435594-1.jpg,CULU6339343
GM-11281748131,بكرة,Pulley,1128 1748 131,,engine-components,20,GM-11281748131-1.jpg,CULU6339343
GM-11377548387,CYLINDER HEAD MOTOR,Cylinder Head Motor,1137 7548 387,,engine-components,125,GM-11377548387-1.jpg,CULU6339343
GM-22116761089,كرسي مكينة,Engine Mount Rubber - L,2211 6761 089,E60,engine-transmission-mounts,70,GM-22116761089-1.jpg,CULU6339343
GM-22116761090,كرسي مكينة,Engine Mount Rubber - R,2211 6761 090,E60,engine-transmission-mounts,70,GM-22116761090-1.jpg,CULU6339343
GM-22116859407,كرسي مكينة شمال,Engine Mount Rubber L,2211 6859 407,"F20,F30,F36",engine-transmission-mounts,105,GM-22116859407-1.jpg,CULU6339343
GM-22116859408,كرسي مكينة يمين,Engine Mount Rubber R,2211 6859 408,"F20,F30,F36",engine-transmission-mounts,105,GM-22116859408-1.jpg,CULU6339343
GM-22316853453,كرسي فتيس,Transmission Rubber,2231 6853 453,,engine-transmission-mounts,65,GM-22316853453-1.jpg,CULU6339343
GM-11518616992,طلمبة مياه مساعدة,Auxiliary Water Pump,1151 8616 992,"F20,F30,F35",cooling-system,70,GM-11518616992-1.jpg,CULU6339343
GM-11527505302,COUPLER,Coupler,1152 7505 302,"E38,E39,E53",misc-accessories,88,GM-11527505302-1.jpg,CULU6339343
GM-11531739752,ثرموستات,Thermostat,1153 1739 752,,cooling-system,35,GM-11531739752-1.jpg,CULU6339343
GM-11617501566,OIL - WATER SEPARATOR,Oil - Water Separator,1161 7501 566,"E60,E53",misc-accessories,35,GM-11617501566-1.jpg,CULU6339343
GM-12618638755,OIL LEVEL SENSOR,Oil Level Sensor,1261 8638 755,,sensors-electrical,100,GM-12618638755-1.jpg,CULU6339343
GM-17127647293,ماسورة خزان مياه مساعد,Auxiliary Water Tank Water Pipe,1712 7647 293,"F20,F30",cooling-system,25,GM-17127647293-1.jpg,CULU6339343
GM-22116859413,كرسي مكينة شمال,Engine Mount Rubber L,2211 6859 413,"F20,F30,F35,F32",engine-transmission-mounts,65,GM-22116859413-1.jpg,CULU6339343
GM-22116859414,كرسي مكينة يمين,Engine Mount Rubber R,2211 6859 414,"F20,F30,F35,F32",engine-transmission-mounts,65,GM-22116859414-1.jpg,CULU6339343
GM-31306852158,كرسي مساعد أمامي,Front Shock Absorber Top Rubber - With Bearing,3130 6852 158,"X3,F25",suspension,75,GM-31306852158-1.jpg,CULU6339343
GM-11120035738,جوان غطاء التاكيهات,Valve Cover Gasket,1112 0035 738,E90,engine-components,20,GM-11120035738-1.jpg,CULU6339343
GM-11428651710,مبرد زيت,Oil Cooler Assembly,1142 8651 710,,cooling-system,200,GM-11428651710-1.jpg,CULU6339343
GM-11518637953,طلمبة مياه مساعدة,Auxiliary Water Pump,1151 8637 953,,cooling-system,260,GM-11518637953-1.jpg,CULU6339343
GM-11537500733,خرطوم تبريد,Coolant Hose,1153 7500 733,,cooling-system,30,GM-11537500733-1.jpg,CULU6339343
GM-11537591889,ماسورة مياه بلوك,Cylinder Block Water Pipe,1153 7591 889,,cooling-system,30,GM-11537591889-1.jpg,CULU6339343
GM-11537598234,خرطوم تبريد,Coolant Hose,1153 7598 234,"F20,F23",cooling-system,20,GM-11537598234-1.jpg,CULU6339343
GM-11537642854,حساس حرارة - وحدة طاقة حرارية,Thermostat - Thermal Energy Module,1153 7642 854,B58,cooling-system,320,GM-11537642854-1.jpg,CULU6339343
GM-11617531423,OIL - WATER SEPARATOR,Oil - Water Separator,1161 7531 423,"N52,E90,E60",misc-accessories,100,GM-11617531423-1.jpg,CULU6339343
GM-12138615991,IGNITION COIL,Ignition Coil,1213 8615 991,,sensors-electrical,55,GM-12138615991-1.jpg,CULU6339343
GM-65816905133,OUTDOOR TEMPERATURE SENSOR,Outdoor Temperature Sensor,6581 6905 133,,sensors-electrical,10,GM-65816905133-1.jpg,CULU6339343
GM-11127645173F,صمام إعادة تدوير العادم EGR,Exhaust Gas Recirculation Valve (Egr Valve),1112 7645 173F,B58,fuel-air-intake,20,GM-11127645173F-1.jpg,CULU6339343
GM-11137548031,جوان كرتير الزيت,Oil Pan Gasket,1113 7548 031,N52,engine-components,35,GM-11137548031-1.jpg,CULU6339343
GM-17111436381,خزان مياه مساعد,Auxiliary Water Tank,1711 1436 381,E39,cooling-system,60,GM-17111436381-1.jpg,CULU6339343
GM-17127619684,خرطوم تبريد,Coolant Hose,1712 7619 684,"F07,F10,F18",cooling-system,25,GM-17127619684-1.jpg,CULU6339343
GM-17137601948,خزان مياه مساعد,Auxiliary Water Tank,1713 7601 948,F10,cooling-system,85,GM-17137601948-1.jpg,CULU6339343
GM-17137609469,خزان مياه مساعد,Auxiliary Water Tank,1713 7609 469,"F30,F35",cooling-system,55,GM-17137609469-1.jpg,CULU6339343
GM-17138610652,خزان مياه مساعد,Auxiliary Water Tank,1713 8610 652,,cooling-system,130,GM-17138610652-1.jpg,CULU6339343
GM-24117624192,TRANSMISSION OIL PAN - 8 - SPEED,Transmission Oil Pan - 8 - Speed,2411 7624 192,,engine-components,75,GM-24117624192-1.jpg,CULU6339343
GM-31206794850,رمان بلي أمامي,Front Wheel Hub,3120 6794 850,"F30,F35",driveline-hub,120,GM-31206794850-1.jpg,CULU6339343
GM-11287598833,TENSIONER / FRICTION WHEEL,Tensioner / Friction Wheel,1128 7598 833,,engine-components,128,GM-11287598833-1.jpg,CULU6339343
GM-11428642289,مبرد زيت,Oil Cooler Assembly,1142 8642 289,N52,cooling-system,175,GM-11428642289-1.jpg,CULU6339343
GM-11531739752-A9A0,ثرموستات,Thermostat,1153 1739 752,,cooling-system,30,GM-11531739752-A9A0-1.jpg,CULU6339343
GM-11538631943,حساس حرارة - وحدة طاقة حرارية,Thermostat - Thermal Energy Module,1153 8631 943,,cooling-system,650,GM-11538631943-1.jpg,CULU6339343
GM-11667542498,طلمبة تخلية,Vacuum Pump,1166 7542 498,N46,fuel-air-intake,155,GM-11667542498-1.jpg,CULU6339343
GM-11787545074,حساس أكسجين خلفي,Rear Oxygen Sensor,1178 7545 074,N54,sensors-electrical,50,GM-11787545074-1.jpg,CULU6339343
GM-13627566989,حساس هواء,Mass Air Flow Sensor,1362 7566 989,E90,fuel-air-intake,100,GM-13627566989-1.jpg,CULU6339343
GM-13627585680,حساس هواء,Mass Air Flow Sensor,1362 7585 680,E90,fuel-air-intake,100,GM-13627585680-1.jpg,CULU6339343
GM-31306881929,كرسي مساعد أمامي,Front Shock Absorber Top Rubber,3130 6881 929,,suspension,75,GM-31306881929-1.jpg,CULU6339343
GM-51218243616,INNER DOOR HANDLE BASE R,Inner Door Handle Base R,5121 8243 616,"X5,E53",interior-trim,50,GM-51218243616-1.jpg,CULU6339343
GM-61318379091,AIRBAG CLOCK SPRING,Airbag Clock Spring,6131 8379 091,E46,sensors-electrical,100,GM-61318379091-1.jpg,CULU6339343
GM-64116834917,طلمبة مياه مساعدة,Auxiliary Water Pump,6411 6834 917,B48,cooling-system,90,GM-64116834917-1.jpg,CULU6339343
GM-64116927090,FAN RESISTOR,Fan Resistor,6411 6927 090,"X5,E70,E90",cooling-system,75,GM-64116927090-1.jpg,CULU6339343
GM-11127552281DF,صمام إعادة تدوير العادم EGR,Exhaust Gas Recirculation Valve (Egr Valve),1112 7552 281DF,N52,fuel-air-intake,13,GM-11127552281DF-1.jpg,CULU6339343
GM-11127588417,EXHAUST HOSE,Exhaust Hose,1112 7588 417,,cooling-system,35,GM-11127588417-1.jpg,CULU6339343
GM-11127646552DF,صمام إعادة تدوير العادم EGR,Exhaust Gas Recirculation Valve (Egr Valve),1112 7646 552DF,,fuel-air-intake,15,GM-11127646552DF-1.jpg,CULU6339343
GM-11537639997,خرطوم تبريد,Coolant Hose,1153 7639 997,,cooling-system,35,GM-11537639997-1.jpg,CULU6339343
GM-11667622380,طلمبة تخلية,Vacuum Pump,1166 7622 380,N20,fuel-air-intake,175,GM-11667622380-1.jpg,CULU6339343
GM-17111436251,علبة رادياتير كاملة,Radiator Assembly Box,1711 1436 251,E46,cooling-system,50,GM-17111436251-1.jpg,CULU6339343
GM-17127508010,FUEL INLET HOSE,Fuel Inlet Hose,1712 7508 010,,fuel-air-intake,70,GM-17127508010-1.jpg,CULU6339343
GM-17127560160,RETURN LINE,Return Line,1712 7560 160,"E60,E63",cooling-system,80,GM-17127560160-1.jpg,CULU6339343
GM-17127640916,خرطوم تبريد,Coolant Hose,1712 7640 916,,cooling-system,55,GM-17127640916-1.jpg,CULU6339343
GM-17128651450,ماسورة خزان مياه مساعد,Auxiliary Water Tank Water Pipe,1712 8651 450,F18,cooling-system,15,GM-17128651450-1.jpg,CULU6339343
GM-26127558745,DRIVE SHAFT RUBBER,Drive Shaft Rubber,2612 7558 745,,driveline-hub,45,GM-26127558745-1.jpg,CULU6339343
GM-31106786951,جلبة مقص كبيرة,Control Arm Bushing - Large,3110 6786 951,,suspension,20,GM-31106786951-1.jpg,CULU6339343
GM-31106787665,LOWER BALL JOINT,Lower Ball Joint,3110 6787 665,"X3,F25",suspension,25,GM-31106787665-1.jpg,CULU6339343
GM-31126758510,SUSPENSION BALL JOINT,Suspension Ball Joint,3112 6758 510,E36,suspension,15,GM-31126758510-1.jpg,CULU6339343
GM-31126851693,جلبة مقص كبيرة,Control Arm Bushing - Large,3112 6851 693,,suspension,18,GM-31126851693-1.jpg,CULU6339343
GM-31336764372,قاعدة ياي سفلية,Lower Spring Pad,3133 6764 372,,suspension,12,GM-31336764372-1.jpg,CULU6339343
GM-32416769887,POWER STEERING PUMP,Power Steering Pump,3241 6769 887,E90,steering,260,GM-32416769887-1.jpg,CULU6339343
GM-64503452759,EXPANSION VALVE,Expansion Valve,6450 3452 759,E46,cooling-system,35,GM-64503452759-1.jpg,CULU6339343
GM-17117521071,غطاء رادياتير,Radiator Cap,1711 7521 071,,cooling-system,11,GM-17117521071-1.jpg,CULU6339343
GM-17127535527,خرطوم تبريد,Coolant Hose,1712 7535 527,,cooling-system,18,GM-17127535527-1.jpg,CULU6339343
GM-17128616555,ماسورة خزان مياه مساعد,Auxiliary Water Tank Water Pipe,1712 8616 555,,cooling-system,25,GM-17128616555-1.jpg,CULU6339343
GM-31126855743,جلبة مقص كبيرة,Control Arm Bushing - Large,3112 6855 743,,suspension,20,GM-31126855743-1.jpg,CULU6339343
GM-31206874443,رمان بلي أمامي,Front Wheel Hub,3120 6874 443,"X1,F48",driveline-hub,150,GM-31206874443-1.jpg,CULU6339343
GM-31356765933,FRONT STABILIZER BAR BALL JOINT L,Front Stabilizer Bar Ball Joint L,3135 6765 933,"E90,E87,E84",suspension,28,GM-31356765933-1.jpg,CULU6339343
GM-31356765934,FRONT STABILIZER BAR BALL JOINT R,Front Stabilizer Bar Ball Joint R,3135 6765 934,"E90,E87,E84",suspension,28,GM-31356765934-1.jpg,CULU6339343
GM-32111094673,ذراع تعشيق شمال,Steering Tie Rod L,3211 1094 673,E39,steering,45,GM-32111094673-1.jpg,CULU6339343
GM-32111094674,ذراع تعشيق يمين,Steering Tie Rod R,3211 1094 674,E39,steering,45,GM-32111094674-1.jpg,CULU6339343
GM-32216762243-03E2,ذراع تعشيق شمال,Steering Tie Rod L,3221 6762 243,"X1,E84,E90",steering,50,GM-32216762243-03E2-1.jpg,CULU6339343
GM-32216762244,ذراع تعشيق يمين,Steering Tie Rod R,3221 6762 244,"X1,E84,E90",steering,45,GM-32216762244-1.jpg,CULU6339343
GM-33551094619,REAR STABILIZER BAR BALL JOINT L/R,Rear Stabilizer Bar Ball Joint L/R,3355 1094 619,E46,suspension,23,GM-33551094619-1.jpg,CULU6339343
GM-33551095532,REAR STABILIZER BAR BALL JOINT,Rear Stabilizer Bar Ball Joint,3355 1095 532,E39,suspension,16,GM-33551095532-1.jpg,CULU6339343
GM-64219329642,WATER PIPE,Water Pipe,6421 9329 642,F30,cooling-system,15,GM-64219329642-1.jpg,CULU6339343
GM-64219329645,HOSE - INLET PIPE,Hose - Inlet Pipe,6421 9329 645,,cooling-system,28,GM-64219329645-1.jpg,CULU6339343
GM-11521712058,COUPLER FAN,Coupler Fan,1152 1712 058,E53,cooling-system,32,GM-11521712058-1.jpg,CULU6339343
GM-11531705210,FUEL INLET HOSE,Fuel Inlet Hose,1153 1705 210,,fuel-air-intake,25,GM-11531705210-1.jpg,CULU6339343
GM-12141703221,CAMSHAFT SENSOR,Camshaft Sensor,1214 1703 221,,engine-components,28,GM-12141703221-1.jpg,CULU6339343
GM-17127535529,خرطوم تبريد,Coolant Hose,1712 7535 529,,cooling-system,45,GM-17127535529-1.jpg,CULU6339343
GM-17127548222,خرطوم تبريد,Coolant Hose,1712 7548 222,E90,cooling-system,90,GM-17127548222-1.jpg,CULU6339343
GM-31331094749,FRONT DUST COVER,Front Dust Cover,3133 1094 749,,interior-trim,6,GM-31331094749-1.jpg,CULU6339343
GM-51337020659,WINDOW REGULATOR - FRONT LEFT,Window Regulator - Front Left,5133 7020 659,E46,interior-trim,50,GM-51337020659-1.jpg,CULU6339343
GM-11120032224,جوان غطاء التاكيهات,Valve Cover Gasket,1112 0032 224,N46,engine-components,19,GM-11120032224-1.jpg,CULU6339343
GM-11127588418,جوان غطاء التاكيهات,Valve Cover Gasket,1112 7588 418,,engine-components,20,GM-11127588418-1.jpg,CULU6339343
GM-11287549150,BELT 6PK1990,Belt 6Pk1990,1128 7549 150,,engine-components,28,GM-11287549150-1.jpg,CULU6339343
GM-11287631810,BELT 6PK1870,Belt 6Pk1870,1128 7631 810,"E46,E90,E83",engine-components,27,GM-11287631810-1.jpg,CULU6339343
GM-17111742232,غطاء رادياتير,Radiator Cap,1711 1742 232,,cooling-system,8,GM-17111742232-1.jpg,CULU6339343
GM-17117507973-EC47,علبة رادياتير كاملة,Radiator Assembly Box,1711 7507 973,E60,cooling-system,45,GM-17117507973-EC47-1.jpg,CULU6339343
GM-2463210206,مطاط صدمات أمامي,Front Buffer Rubber,246 321 02 06,,suspension,5,GM-2463210206-1.jpg,CULU6339343
GM-31126758519,مقص سفلي أمامي شمال,Front Wheel Lower Control Arm L,3112 6758 519,"E46,E85",suspension,140,GM-31126758519-1.jpg,CULU6339343
GM-31126758520,مقص سفلي أمامي يمين,Front Wheel Lower Control Arm R,3112 6758 520,"E46,E85",suspension,140,GM-31126758520-1.jpg,CULU6339343
GM-31126768991,CONTROL ARM BUSHING - SMALL,Control Arm Bushing - Small,3112 6768 991,"E90,E84",suspension,18,GM-31126768991-1.jpg,CULU6339343
GM-31351093108,جلبة موازن أمامي,Front Stabilizer Bar Bushing,3135 1093 108,E39,suspension,7,GM-31351093108-1.jpg,CULU6339343
GM-31351097179,جلبة موازن أمامي,Front Stabilizer Bar Bushing,3135 1097 179,E46,suspension,7,GM-31351097179-1.jpg,CULU6339343
GM-31356761591,جلبة موازن أمامي,Front Stabilizer Bar Bushing,3135 6761 591,E60,suspension,7,GM-31356761591-1.jpg,CULU6339343
GM-31356788710,جلبة موازن أمامي,Front Stabilizer Bar Bushing,3135 6788 710,"X3,F25",suspension,7,GM-31356788710-1.jpg,CULU6339343
GM-31356792124,جلبة موازن أمامي,Front Stabilizer Bar Bushing,3135 6792 124,,suspension,6,GM-31356792124-1.jpg,CULU6339343
GM-32216762403,ذراع تعشيق شمال,Steering Tie Rod L/R,3221 6762 403,,steering,45,GM-32216762403-1.jpg,CULU6339343
GM-33506862865,REAR STABILIZER BAR BALL JOINT L/R,Rear Stabilizer Bar Ball Joint L/R,3350 6862 865,"F55,X1",suspension,28,GM-33506862865-1.jpg,CULU6339343
GM-33521091710,REAR SHOCK ABSORBER TOP RUBBER L/R,Rear Shock Absorber Top Rubber L/R,3352 1091 710,E39,suspension,42,GM-33521091710-1.jpg,CULU6339343
GM-33556761002,REAR STABILIZER BAR BUSHING,Rear Stabilizer Bar Bushing,3355 6761 002,E90,suspension,7,GM-33556761002-1.jpg,CULU6339343
GM-34301165190,خرطوم فرامل خلفي,Rear Brake Hose,3430 1165 190,E39,braking,15,GM-34301165190-1.jpg,CULU6339343
GM-34321162612,خرطوم فرامل أمامي,Front Brake Hose,3432 1162 612,"E38,E39",braking,15,GM-34321162612-1.jpg,CULU6339343
GM-51231960852,ذراع دعم كبوت,Bonnet Stay Rod,5123 1960 852,E36,exterior-body,10,GM-51231960852-1.jpg,CULU6339343
GM-51233400352,ذراع دعم كبوت,Bonnet Stay Rod,5123 3400 352,"X3,E83",exterior-body,10,GM-51233400352-1.jpg,CULU6339343
GM-51237008745,ذراع دعم كبوت,Bonnet Stay Rod,5123 7008 745,E60,exterior-body,10,GM-51237008745-1.jpg,CULU6339343
GM-51247204366,ذراع دعم باب خلفي,Tailgate Stay Rod L,5124 7204 366,"F10,F18",exterior-body,22,GM-51247204366-1.jpg,CULU6339343
GM-51247204367,ذراع دعم باب خلفي,Tailgate Stay Rod R,5124 7204 367,"F10,F18",exterior-body,32,GM-51247204367-1.jpg,CULU6339343
GM-11118571141V,وصلة ماسورة مياه,Water Pipe Connector - Aluminum,1111 8571 141V,F20,cooling-system,15,GM-11118571141V-1.jpg,CULU6339343
GM-11157501567,VENT VALVE,Vent Valve,1115 7501 567,E46,interior-trim,25,GM-11157501567-1.jpg,CULU6339343
GM-11427577017,TURBO GASKET,Turbo Gasket,1142 7577 017,,engine-components,5,GM-11427577017-1.jpg,CULU6339343
GM-11531714738,وصلة مواسير,Pipe Fitting,1153 1714 738,,misc-accessories,15,GM-11531714738-1.jpg,CULU6339343
GM-17217559962,ثرموستات,Radiator Thermostat,1721 7559 962,,cooling-system,42,GM-17217559962-1.jpg,CULU6339343
GM-17227604980,TRANSMISSION OIL PIPE,Transmission Oil Pipe,1722 7604 980,,engine-components,160,GM-17227604980-1.jpg,CULU6339343
GM-31103412726,LOWER BALL JOINT / OLD MODEL,Lower Ball Joint / Old Model,3110 3412 726,,suspension,25,GM-31103412726-1.jpg,CULU6339343
GM-31103438623,LOWER BALL JOINT,Lower Ball Joint,3110 3438 623,,suspension,25,GM-31103438623-1.jpg,CULU6339343
GM-31126757623,CONTROL ARM BUSHING L,Control Arm Bushing L,3112 6757 623,"E46,E85",suspension,45,GM-31126757623-1.jpg,CULU6339343
GM-31126757624,CONTROL ARM BUSHING R,Control Arm Bushing R,3112 6757 624,"E46,E85",suspension,45,GM-31126757624-1.jpg,CULU6339343
GM-31126864821-B1E9,FRONT WHEEL LOWER CONTROL ARM STRAIGHT L,Front Wheel Lower Control Arm Straight L,3112 6864 821,"X5,F15,F16",suspension,95,GM-31126864821-B1E9-1.jpg,CULU6339343
GM-31126864822-7E5B,FRONT WHEEL LOWER CONTROL ARM STRAIGHT R,Front Wheel Lower Control Arm Straight R,3112 6864 822,"X5,F15,F16",suspension,95,GM-31126864822-7E5B-1.jpg,CULU6339343
GM-31126874341-FD20,LOWER CONTROL ARM BUSHING - L,Lower Control Arm Bushing - L,3112 6874 341,,suspension,75,GM-31126874341-FD20-1.jpg,CULU6339343
GM-31126874342-C7B0,LOWER CONTROL ARM BUSHING - R,Lower Control Arm Bushing - R,3112 6874 342,,suspension,75,GM-31126874342-C7B0-1.jpg,CULU6339343
GM-31306772745,قاعدة ياي سفلية,Lower Spring Pad,3130 6772 745,,suspension,10,GM-31306772745-1.jpg,CULU6339343
GM-31306851879,كرسي مساعد أمامي,Front Shock Absorber Top Rubber,3130 6851 879,"X5,F15",suspension,45,GM-31306851879-1.jpg,CULU6339343
GM-31331091867,UPPER SPRING PAD,Upper Spring Pad,3133 1091 867,,suspension,10,GM-31331091867-1.jpg,CULU6339343
GM-31336764085,مطاط صدمات أمامي,Front Buffer Rubber,3133 6764 085,E60,suspension,6,GM-31336764085-1.jpg,CULU6339343
GM-31336764372-B0DF,قاعدة ياي سفلية,Lower Spring Pad,3133 6764 372,,suspension,10,GM-31336764372-B0DF-1.jpg,CULU6339343
GM-31336860788,SPRING BASE RUBBER,Spring Base Rubber,3133 6860 788,"F25,F30,F45",misc-accessories,12,GM-31336860788-1.jpg,CULU6339343
GM-33326770749,CONNECTING ROD,Connecting Rod,3332 6770 749,"E60,E53,E66",misc-accessories,50,GM-33326770749-1.jpg,CULU6339343
GM-33326777980,REAR WHEEL CONTROL ARM L/R,Rear Wheel Control Arm L/R,3332 6777 980,"E90,E87",suspension,60,GM-33326777980-1.jpg,CULU6339343
GM-33522406287,REAR SHOCK ABSORBER TOP RUBBER L/R,Rear Shock Absorber Top Rubber L/R,3352 2406 287,,suspension,22,GM-33522406287-1.jpg,CULU6339343
GM-33531133671,قاعدة ياي سفلية,Lower Spring Pad,3353 1133 671,,suspension,10,GM-33531133671-1.jpg,CULU6339343
GM-33536753765,UPPER SPRING PAD,Upper Spring Pad,3353 6753 765,,suspension,10,GM-33536753765-1.jpg,CULU6339343
GM-34301166248,خرطوم فرامل خلفي,Rear Brake Hose,3430 1166 248,E39,braking,15,GM-34301166248-1.jpg,CULU6339343
GM-34306768851,خرطوم فرامل خلفي,Rear Brake Hose,3430 6768 851,"F30,F36,F33",braking,15,GM-34306768851-1.jpg,CULU6339343
GM-34306771720,خرطوم فرامل أمامي,Front Brake Hose,3430 6771 720,"E87,E90,E93",braking,15,GM-34306771720-1.jpg,CULU6339343
GM-34326760909,BRAKE HOSE,Brake Hose,3432 6760 909,,braking,16,GM-34326760909-1.jpg,CULU6339343
GM-34326767390,خرطوم فرامل أمامي,Front Brake Hose,3432 6767 390,"E60,E63,E66",braking,15,GM-34326767390-1.jpg,CULU6339343
GM-34521164651,FRONT ABS SENSOR WIRE,Front Abs Sensor Wire,3452 1164 651,E46,braking,17.5,GM-34521164651-1.jpg,CULU6339343
GM-34526756375,FRONT ABS SENSOR WIRE,Front Abs Sensor Wire,3452 6756 375,E39,braking,17.5,GM-34526756375-1.jpg,CULU6339343
GM-34526792897,FRONT ABS SENSOR WIRE - LEFT,Front Abs Sensor Wire - Left,3452 6792 897,,braking,17.5,GM-34526792897-1.jpg,CULU6339343
GM-51218243615,INNER DOOR HANDLE BASE L,Inner Door Handle Base L,5121 8243 615,"X5,E53",interior-trim,50,GM-51218243615-1.jpg,CULU6339343
GM-51228243635,REAR INNER DOOR HANDLE BASE - L,Rear Inner Door Handle Base - L,5122 8243 635,"X5,E53",interior-trim,50,GM-51228243635-1.jpg,CULU6339343
GM-51228243636,REAR INNER DOOR HANDLE BASE - R,Rear Inner Door Handle Base - R,5122 8243 636,"X5,E53",interior-trim,50,GM-51228243636-1.jpg,CULU6339343
GM-51232990344,ذراع دعم كبوت,Bonnet Stay Rod,5123 2990 344,X1,exterior-body,10,GM-51232990344-1.jpg,CULU6339343
GM-51237060550,ذراع دعم كبوت,Bonnet Stay Rod,5123 7060 550,E90,exterior-body,10,GM-51237060550-1.jpg,CULU6339343
GM-51237118370,ذراع دعم كبوت,Bonnet Stay Rod,5123 7118 370,,exterior-body,10,GM-51237118370-1.jpg,CULU6339343
GM-51237148346,ذراع دعم كبوت,Bonnet Stay Rod,5123 7148 346,"X5,E70",exterior-body,10,GM-51237148346-1.jpg,CULU6339343
GM-51237185032,ذراع دعم كبوت,Bonnet Stay Rod,5123 7185 032,,exterior-body,10,GM-51237185032-1.jpg,CULU6339343
GM-51242990136,ذراع دعم باب خلفي,Tailgate Stay Rod,5124 2990 136,X1,exterior-body,10,GM-51242990136-1.jpg,CULU6339343
GM-51247250308,ذراع دعم باب خلفي,Tailgate Stay Rod,5124 7250 308,E90,exterior-body,10,GM-51247250308-1.jpg,CULU6339343
GM-67127388349,WINDSHIELD WASHER MOTOR,Windshield Washer Motor,6712 7388 349,"F45,F49,G08,F15",misc-accessories,14,GM-67127388349-1.jpg,CULU6339343
GM-11117567210,LOWER REPAIR KIT,Lower Repair Kit,1111 7567 210,N54,engine-components,160,GM-11117567210-1.jpg,CULU6339343
GM-11117568263,جوان,Crankshaft Rear Oil Seal,1111 7568 263,,engine-components,12,GM-11117568263-1.jpg,CULU6339343
GM-11117568264-A481,جوان أمامي لعمود الكرنك,Crankshaft Front Oil Seal,1111 7568 264,,engine-components,12,GM-11117568264-A481-1.jpg,CULU6339343
GM-11118571141,وصلة مواسير,Pipe Fitting,1111 8571 141,,misc-accessories,12,GM-11118571141-1.jpg,CULU6339343
GM-11121726617,جوان وش السلندر,Cylinder Head Gasket,1112 1726 617,,engine-components,20,GM-11121726617-1.jpg,CULU6339343
GM-11127501304,جوان وش السلندر,Cylinder Head Gasket,1112 7501 304,,engine-components,32,GM-11127501304-1.jpg,CULU6339343
GM-11127508543,جوان وش السلندر,Cylinder Head Gasket,1112 7508 543,,engine-components,42,GM-11127508543-1.jpg,CULU6339343
GM-11127530256,جوان وش السلندر,Cylinder Head Gasket,1112 7530 256,,engine-components,45,GM-11127530256-1.jpg,CULU6339343
GM-11127563412,جوان وش السلندر,Cylinder Head Gasket,1112 7563 412,E90,engine-components,35,GM-11127563412-1.jpg,CULU6339343
GM-11127646554DF,صمام إعادة تدوير العادم EGR,Exhaust Gas Recirculation Valve (Egr Valve),1112 7646 554DF,,fuel-air-intake,22,GM-11127646554DF-1.jpg,CULU6339343
GM-11128654268,جوان وش السلندر,Cylinder Head Gasket,1112 8654 268,B58,engine-components,105,GM-11128654268-1.jpg,CULU6339343
GM-11137511224,جوان كرتير الزيت,Oil Pan Gasket,1113 7511 224,N46,engine-components,25,GM-11137511224-1.jpg,CULU6339343
GM-11137548031-5E17,جوان كرتير الزيت,Oil Pan Gasket,1113 7548 031,N52,engine-components,32,GM-11137548031-5E17-1.jpg,CULU6339343
GM-11281748130,بكرة,Pulley,1128 1748 130,,engine-components,20,GM-11281748130-1.jpg,CULU6339343
GM-11367585425,OIL SOLENOID VALVE,Oil Solenoid Valve,1136 7585 425,N52,sensors-electrical,50,GM-11367585425-1.jpg,CULU6339343
GM-11531743200,وصلة مواسير,Pipe Fitting,1153 1743 200,E36,misc-accessories,8,GM-11531743200-1.jpg,CULU6339343
GM-11537572159SL,ماسورة مياه بلوك,Cylinder Block Water Pipe - Aluminum Connector,1153 7572 159SL,,cooling-system,30,GM-11537572159SL-1.jpg,CULU6339343
GM-11660151054,طلمبة تخلية,Vacuum Pump,1166 0151 054,N62,fuel-air-intake,175,GM-11660151054-1.jpg,CULU6339343
GM-12131748018PJ,SPARK PLUG BOOT,Spark Plug Boot,1213 1748 018 PJ,,sensors-electrical,5,GM-12131748018PJ-1.jpg,CULU6339343
GM-13718507321,ماسورة سحب,Intake Pipe,1371 8507 321,,fuel-air-intake,20,GM-13718507321-1.jpg,CULU6339343
GM-17127548221,RETURN LINE,Return Line,1712 7548 221,,cooling-system,90,GM-17127548221-1.jpg,CULU6339343
GM-17137601949,خزان مياه مساعد,Auxiliary Water Tank,1713 7601 949,F01,cooling-system,85,GM-17137601949-1.jpg,CULU6339343
GM-17138621092,خزان مياه مساعد,Auxiliary Water Tank,1713 8621 092,,cooling-system,75,GM-17138621092-1.jpg,CULU6339343
GM-34302283033,خرطوم فرامل أمامي,Front Brake Hose,3430 2283 033,"E90,E93",braking,15,GM-34302283033-1.jpg,CULU6339343
GM-34303411444,خرطوم فرامل خلفي,Rear Brake Hose,3430 3411 444,,braking,15,GM-34303411444-1.jpg,CULU6339343
GM-34321165587,خرطوم فرامل أمامي,Front Brake Hose,3432 1165 587,"E46,E85",braking,15,GM-34321165587-1.jpg,CULU6339343
GM-51237239233,ذراع دعم كبوت,Bonnet Stay Rod,5123 7239 233,,exterior-body,10,GM-51237239233-1.jpg,CULU6339343
GM-51247211289,ذراع دعم باب خلفي,Tailgate Stay Rod,5124 7211 289,"X3,F25",exterior-body,10,GM-51247211289-1.jpg,CULU6339343
GM-11127552281,غطاء التاكيهات,Valve Cover,1112 7552 281,N52,engine-components,200,GM-11127552281-1.jpg,CULU6339343
GM-11127588412,غطاء التاكيهات,Valve Cover,1112 7588 412,N20,engine-components,155,GM-11127588412-1.jpg,CULU6339343
GM-11517572859-5E99,ثرموستات,Thermostat Cover,1151 7572 859,,cooling-system,28,GM-11517572859-5E99-1.jpg,CULU6339343
GM-17128602870,ماسورة مياه علوية,Upper Water Pipe,1712 8602 870,,cooling-system,40,GM-17128602870-1.jpg,CULU6339343
GM-17137516004,غطاء رادياتير,Radiator Cap,1713 7516 004,,cooling-system,8,GM-17137516004-1.jpg,CULU6339343
GM-31607529203,OUTER CV JOINT DUST COVER,Outer Cv Joint Dust Cover,3160 7529 203,"X3,E83",driveline-hub,15,GM-31607529203-1.jpg,CULU6339343
GM-31607529204,INNER CV JOINT DUST COVER,Inner Cv Joint Dust Cover,3160 7529 204,"X3,E83",driveline-hub,15,GM-31607529204-1.jpg,CULU6339343
GM-11517632426,طلمبة مياه كهربائية,Electric Water Pump,11517632426,"N55,N54,E90,F10,F18,F01,F02,F03,F04,X3,F25,X5",cooling-system,440,GM-11517632426-1.jpg,PILU8022228
GM-11517586925,طلمبة مياه كهربائية,Electric Water Pump,11517586925,"N52,E81,E90,E60,X1,E84,X3,E83,X5,E70",cooling-system,360,GM-11517586925-1.jpg,PILU8022228
GM-11517583836,طلمبة مياه كهربائية,Electric Water Pump,11517583836,"N52,F10,F01,F02,F03,F04,X3,F25",cooling-system,390,GM-11517583836-1.jpg,PILU8022228
GM-11517597715-6CD0,طلمبة مياه كهربائية,Electric Water Pump,11517597715,"N20,F30,F80,F10,X1,E84,X3,F25",cooling-system,380,GM-11517597715-6CD0-1.jpg,PILU8022228
GM-11517604027,طلمبة مياه كهربائية,Electric Water Pump,11517604027,"N20,F30,F80,F10,X1,E84,X3,F25",cooling-system,450,GM-11517604027-1.jpg,PILU8022228
GM-11518635090,طلمبة مياه كهربائية,Electric Water Pump,11518635090,N55,cooling-system,430,GM-11518635090-1.jpg,PILU8022228
GM-16117197076,طلمبة بنزين كاملة,Fuel Pump Assembly,1611 7197 076,"E90,E88,E82,E87",fuel-air-intake,120,GM-16117197076-1.jpg,PILU8022228
GM-16117170090,طلمبة بنزين كاملة,Fuel Pump Assembly,1611 7170 090,"E90,E46,X1,X3",fuel-air-intake,130,GM-16117170090-1.jpg,PILU8022228
GM-16117363072,طلمبة بنزين كاملة,Fuel Pump Assembly,1611 7363 072,F18,fuel-air-intake,195,GM-16117363072-1.jpg,PILU8022228
GM-16146766152,طلمبة بنزين كاملة,Fuel Pump Assembly,1614 6766 152,"E60,E61",fuel-air-intake,110,GM-16146766152-1.jpg,PILU8022228
GM-16117373503,طلمبة بنزين كاملة,Fuel Pump Assembly,1611 7373 503,E60,fuel-air-intake,190,GM-16117373503-1.jpg,PILU8022228
GM-16147186454,طلمبة بنزين كاملة,Fuel Pump Assembly,1614 7186 454,X3,fuel-air-intake,45,GM-16147186454-1.jpg,PILU8022228
GM-16146766158,طلمبة بنزين كاملة,Fuel Pump Assembly,1614 6766 158,X3,fuel-air-intake,45,GM-16146766158-1.jpg,PILU8022228
GM-16117163295,طلمبة بنزين كاملة,Fuel Pump Assembly,1611 7163 295,E90,fuel-air-intake,135,GM-16117163295-1.jpg,PILU8022228
GM-16117414480,طلمبة بنزين كاملة,Fuel Pump Assembly,1611 7414 480,"F20,F21,F30,F31",fuel-air-intake,170,GM-16117414480-1.jpg,PILU8022228
GM-16112754806,طلمبة بنزين كاملة,Fuel Pump Assembly,1611 2754 806,,fuel-air-intake,145,GM-16112754806-1.jpg,PILU8022228
GM-16119810569,طلمبة بنزين كاملة,Fuel Pump Assembly,1611 9810 569,,fuel-air-intake,155,GM-16119810569-1.jpg,PILU8022228
GM-16117198406,طلمبة بنزين كاملة,Fuel Pump Assembly,1611 7198 406,"X3,E83",fuel-air-intake,120,GM-16117198406-1.jpg,PILU8022228
GM-16117159604,طلمبة بنزين كاملة,Fuel Pump Assembly,1611 7159 604,"X3,E83",fuel-air-intake,120,GM-16117159604-1.jpg,PILU8022228
GM-16116755043,طلمبة بنزين كاملة,Fuel Pump Assembly,1611 6755 043,"E53,X5",fuel-air-intake,135,GM-16116755043-1.jpg,PILU8022228
GM-16146766942,طلمبة بنزين كاملة,Fuel Pump Assembly,1614 6766 942,E46,fuel-air-intake,105,GM-16146766942-1.jpg,PILU8022228
GM-16146752368,طلمبة بنزين كاملة,Fuel Pump Assembly,1614 6752 368,E39,fuel-air-intake,90,GM-16146752368-1.jpg,PILU8022228
GM-16117260647,طلمبة بنزين كاملة,Fuel Pump Assembly,1611 7260 647,"F18,F10,F07",fuel-air-intake,135,GM-16117260647-1.jpg,PILU8022228
GM-16117260642,طلمبة بنزين كاملة,Fuel Pump Assembly,1611 7260 642,"F18,F10,F07",fuel-air-intake,135,GM-16117260642-1.jpg,PILU8022228
GM-16117207599,طلمبة بنزين كاملة,Fuel Pump Assembly,1611 7207 599,"X5,E70,F15,X6,E71,F16",fuel-air-intake,160,GM-16117207599-1.jpg,PILU8022228
GM-16117314806,طلمبة بنزين كاملة,Fuel Pump Assembly,1611 7314 806,"X3,F25,X4,F26",fuel-air-intake,170,GM-16117314806-1.jpg,PILU8022228
GM-16117279360,طلمبة بنزين كاملة,Fuel Pump Assembly,1611 7279 360,"F26,X4,X3",fuel-air-intake,170,GM-16117279360-1.jpg,PILU8022228
GM-16117220153,طلمبة بنزين كاملة,Fuel Pump Assembly,1611 7220 153,E90,fuel-air-intake,150,GM-16117220153-1.jpg,PILU8022228
GM-16117473445,طلمبة بنزين كاملة,Fuel Pump Assembly,1611 7473 445,"G20,G21,G28",fuel-air-intake,265,GM-16117473445-1.jpg,PILU8022228
GM-16117194000,طلمبة بنزين كاملة,Fuel Pump Assembly,1611 7194 000,E66,fuel-air-intake,145,GM-16117194000-1.jpg,PILU8022228
GM-16147276073,طلمبة بنزين كاملة,Fuel Pump Assembly,16147 276 073,"F30,F35,F18,F20,F02,F04",fuel-air-intake,105,GM-16147276073-1.jpg,PILU8022228
GM-AJDC76401,FLANGE,Flange,AJD-C76401,,engine-components,40,GM-AJDC76401-1.jpg,PILU8022228
GM-AJDB20206,جوان,Seal,AJD-B20206,,engine-components,46,GM-AJDB20206-1.jpg,PILU8022228
GM-64229166889642291668906422920913664229172167,F10 MIDDLE AC VENTSET,F10 Middle Ac Ventset,6422 9166 889 6422 9166 890 64229209136 6422 9172 167,F10,interior-trim,100,GM-64229166889642291668906422920913664229172167-1.jpg,PILU8022228
GM-51417279316,F30 CLIP ON DOOR HANDLE BEIGE,F30 Clip On Door Handle Beige,51417279316,F30,interior-trim,40,GM-51417279316-1.jpg,PILU8022228
GM-51417279311LF51417279312RF51427281465LB51427281466RB,طقم مقابض أبواب,F30 Door Handle Set Beige,5141 7279 311 LF 5141 7279 312 RF 5142 7281 465 LB 5142 7281 466 RB,F30,interior-trim,60,GM-51417279311LF51417279312RF51427281465LB51427281466RB-1.jpg,PILU8022228
GM-51417279311LF51417279312RF51427281465LB51427281466RB-8899,طقم مقابض أبواب,F30 Door Handle Set Black,5141 7279 311 LF 5141 7279 312 RF 5142 7281 465 LB 5142 7281 466 RB,F30,interior-trim,60,GM-51417279311LF51417279312RF51427281465LB51427281466RB-8899-1.jpg,PILU8022228
GM-5141726193372258605141R,طقم مقابض أبواب,F10 Door Handle Set Red Brown,51417261933 72258605141R,F10,interior-trim,28,GM-5141726193372258605141R-1.jpg,PILU8022228
GM-5141722587351417225848R,طقم مقابض أبواب,F10 Door Handle Set Black,51417225873 51417225848 R,F10,interior-trim,28,GM-5141722587351417225848R-1.jpg,PILU8022228
GM-5141735929151417225276R,طقم مقابض أبواب,F10 Door Handle Set Mokka,51417359291 51417225276 R,F10,interior-trim,28,GM-5141735929151417225276R-1.jpg,PILU8022228
GM-51417225873251417225848R,طقم مقابض أبواب,F10 Door Handle Set Carbon Pattern,51417225873-2 51417225848 R,F10,interior-trim,33,GM-51417225873251417225848R-1.jpg,PILU8022228
GM-51417225873251417225848R-022A,طقم مقابض أبواب,F10 Door Handle Set Cabon Pattern,51417225873-2 51417225848 R,F10,interior-trim,33,GM-51417225873251417225848R-022A-1.jpg,PILU8022228
GM-51417275487L51417275488R,F30 DOOR HANDLE COVER GLOSS BLACK,F30 Door Handle Cover Gloss Black,5141 7275 487 L 5141 7275 488 R,F30,interior-trim,70,GM-51417275487L51417275488R-1.jpg,PILU8022228
GM-51169216865,غطاء مسند ذراع,"F10, F11 Armrest Lid Panel Black",5116 9216 865,F10,interior-trim,45,GM-51169216865-1.jpg,PILU8022228
GM-51169216869,غطاء مسند ذراع,"F10, F11 Armrest Lid Panel Red Brown",5116 9216 869,F10,interior-trim,45,GM-51169216869-1.jpg,PILU8022228
GM-6131921733451417230853L51417230854R51419150339L51419150340R,طقم مقابض أبواب,E90 Door Handle Set Beige,61319217334 5141 7230 853 L 5141 7230 854 R 5141 9150 339 L 5141 9150 340 R,E90,interior-trim,80,GM-6131921733451417230853L51417230854R51419150339L51419150340R-1.jpg,PILU8022228
GM-51169235453,غطاء مسند ذراع,F30 Armrest Lid Panel Carbon Pattern,51169235453,F30,interior-trim,40,GM-51169235453-1.jpg,PILU8022228
GM-6131921732651417230849L51417230850R51419150335L51419150336R,طقم مقابض أبواب,E90 Door Handle Set Black,61319217326 5141 7230 849 L 5141 7230 850 R 5141 9150 335 L 5141 9150 336 R,E90,interior-trim,80,GM-6131921732651417230849L51417230850R51419150335L51419150336R-1.jpg,PILU8022228
GM-51167137552,غطاء مسند ذراع,E90 Armrest Lid Panel Carbon Pattern,51167137552,E90,interior-trim,40,GM-51167137552-1.jpg,PILU8022228
GM-51130054493L51130054494R,شبك أمامي,F30 Front Grill Gloss Black,51130054493 L 51130054494 R,F30,exterior-body,55,GM-51130054493L51130054494R-1.jpg,PILU8022228
GM-51169216866,غطاء مسند ذراع,"F10, F11 Armrest Lid Panel Beige",5116 9216 866,F10,interior-trim,45,GM-51169216866-1.jpg,PILU8022228
GM-51167133208,غطاء مسند ذراع,E60 Armrest Lid Panel Carbon Pattern,51167133208,E60,interior-trim,40,GM-51167133208-1.jpg,PILU8022228
GM-51417279311,F30 FREE INNER HANDLE (CARBON FIBER PATTERN),F30 Free Inner Handle (Carbon Fiber Pattern),51417279311,F30,interior-trim,40,GM-51417279311-1.jpg,PILU8022228
GM-51169234131,F30 GEAR LEVER BASE PANEL (BLACK),F30 Gear Lever Base Panel (Black),51169234131,F30,interior-trim,40,GM-51169234131-1.jpg,PILU8022228
GM-51169234131-E3C8,F30 GEAR LEVER BASE PANEL (CARBON FIBER PATTERN),F30 Gear Lever Base Panel (Carbon Fiber Pattern),51169234131,F30,interior-trim,40,GM-51169234131-E3C8-1.jpg,PILU8022228
GM-51169234131-E04A,F30 GEAR LEVER BASE PANEL (GLOSS BLACK),F30 Gear Lever Base Panel (Gloss Black),51169234131,F30,interior-trim,40,GM-51169234131-E04A-1.jpg,PILU8022228
GM-61319217332,E90 WINDOW LIFT SWITCH BUTTON (BLACK),E90 Window Lift Switch Button (Black),61319217332,E90,sensors-electrical,120,GM-61319217332-1.jpg,PILU8022228
GM-61319217334,E90 WINDOW LIFT SWITCH BUTTON (BEIGE),E90 Window Lift Switch Button (Beige),61319217334,E90,sensors-electrical,120,GM-61319217334-1.jpg,PILU8022228
GM-61319259007A11,F30 CHASSIS HANDLEBAR COVER ORDINARY (SILBER PLATING) LHD,F30 Chassis Handlebar Cover Ordinary (Silber Plating) Lhd,61319259007-A1-1,F30,interior-trim,38,GM-61319259007A11-1.jpg,PILU8022228
GM-61319259007A12,F30 CHASSIS HANDLEBAR COVER ORDINARY (CARBON FIBER) LHD,F30 Chassis Handlebar Cover Ordinary (Carbon Fiber) Lhd,61319259007-A1-2,F30,interior-trim,38,GM-61319259007A12-1.jpg,PILU8022228
GM-51130054493L51130054494R-443C,F30 FRONT KIDNEY LUMIOUS GRILLE (WITH LEDS LIGHT),F30 Front Kidney Lumious Grille (With Leds Light),51130054493 L 51130054494 R,F30,exterior-body,350,GM-51130054493L51130054494R-443C-1.jpg,PILU8022228
GM-32302157308,E90 STEERING WHEEL,E90 Steering Wheel,32302157308,E90,steering,450,GM-32302157308-1.jpg,PILU8022228
GM-32302230186,F30LED STEERING WHEEL,F30Led Steering Wheel,32302230186,F30,steering,2400,GM-32302230186-1.jpg,PILU8022228
GM-E60M4ROOF,سبويلر,Spoiler,E60 m4 roof,,exterior-body,25,GM-E60M4ROOF-1.jpg,PILU8022228
GM-E60M5LIP,سبويلر,Spoiler,E60 m5 lip,,exterior-body,25,GM-E60M5LIP-1.jpg,PILU8022228
GM-E60M4LIP,سبويلر,Spoiler,E60 m4 lip,,exterior-body,25,GM-E60M4LIP-1.jpg,PILU8022228
GM-E36,سبويلر,Spoiler,e36,,exterior-body,90,GM-E36-1.jpg,PILU8022228
GM-E46BIG,سبويلر,Spoiler,e46 big,,exterior-body,85,GM-E46BIG-1.jpg,PILU8022228
GM-E46ROOF,سبويلر,Spoiler,e46 roof,,exterior-body,25,GM-E46ROOF-1.jpg,PILU8022228
GM-E90M4ROOF,سبويلر,Spoiler,e90 m4 roof,,exterior-body,25,GM-E90M4ROOF-1.jpg,PILU8022228
GM-17117547059,رادياتير,Radiator,17117547059,E84,cooling-system,189.444,GM-17117547059-1.jpg,PILU8022228
GM-17113415693,رادياتير,Radiator,17113415693,"X3,E83",cooling-system,208.889,GM-17113415693-1.jpg,PILU8022228
GM-17113400013,رادياتير,Radiator,17113400013,"X3,E83",cooling-system,202.407,GM-17113400013-1.jpg,PILU8022228
GM-17117618807,رادياتير,Radiator,17117618807,F35,cooling-system,197.778,GM-17117618807-1.jpg,PILU8022228
GM-17107509714,رادياتير,Radiator,17107509714,,cooling-system,166.296,GM-17107509714-1.jpg,PILU8022228
GM-17117570821,رادياتير,Radiator,17117570821,,cooling-system,166.296,GM-17117570821-1.jpg,PILU8022228
GM-17118623369,رادياتير,Radiator,17118623369,"X3,F25",cooling-system,182.037,GM-17118623369-1.jpg,PILU8022228
GM-17117534914,رادياتير,Radiator,17117534914,E60,cooling-system,332.037,GM-17117534914-1.jpg,PILU8022228
GM-3210676501332106763807845H033B095,علبة دركسيون,Steering Rack,32106765013 32106763807 845H033B095,"E90,E81,E91,E93",steering,800,GM-3210676501332106763807845H033B095-1.jpg,PILU8022228
GM-32131140956,علبة دركسيون,Steering Rack,32131140956,"E36,E46",steering,480,GM-32131140956-1.jpg,PILU8022228
GM-32131096026,علبة دركسيون,Steering Rack,32131096026,E39,steering,500,GM-32131096026-1.jpg,PILU8022228
GM-7891974273,علبة دركسيون,Steering Rack,7891974273,,steering,580,GM-7891974273-1.jpg,PILU8022228
GM-32106767410,علبة دركسيون,Steering Rack,32106767410,E60,steering,900,GM-32106767410-1.jpg,PILU8022228
GM-642291304581,FRONT AC VENT GRILLE,Front Ac Vent Grille,6422 9130 458-1,"E90,E91,E92,E93",exterior-body,8,GM-642291304581-1.jpg,PILU8022228
GM-64229130458MZ,AC VENT GRILLE （QUICK TO INSTALL）,Ac Vent Grille （Quick To Install）,6422 9130 458-MZ,"E90,E91,E92,E93",exterior-body,25,GM-64229130458MZ-1.jpg,PILU8022228
GM-64119310445M,HEATER CONTROL BUTTON,Heater Control Button,6411 9310 445-M,"E70,E71",misc-accessories,8,GM-64119310445M-1.jpg,PILU8022228
GM-64119344143MA,HEATER CONTROL BUTTONS WITHOUT OFF,Heater Control Buttons Without Off,6411 9344 143-MA,"E90,E84,E87,F25",misc-accessories,8,GM-64119344143MA-1.jpg,PILU8022228
GM-61316932796A1,HEADLIGHT SWITCH BUTTON,Headlight Switch Button,6131 6932 796-A1,"E90,E84",sensors-electrical,15,GM-61316932796A1-1.jpg,PILU8022228
GM-61316932796B1,HEADLIGHT SWITCH BUTTON,Headlight Switch Button,6131 6932 796-B1,"E90,E84",sensors-electrical,22,GM-61316932796B1-1.jpg,PILU8022228
GM-51448036236,ROOF READING LAMP COVER,Roof Reading Lamp Cover,5144 8036 236,E84,interior-trim,28,GM-51448036236-1.jpg,PILU8022228
GM-642234174311,FRONT AC VENT GRILLE,Front Ac Vent Grille,6422 3417 431-1,E83,exterior-body,30,GM-642234174311-1.jpg,PILU8022228
GM-61316945874,مفتاح زجاج,Window Switch,6131 6945 874,"E90,E70,E71",sensors-electrical,20,GM-61316945874-1.jpg,PILU8022228
GM-61316945876,مفتاح زجاج,Window Switch,6131 6945 876,"E90,E70,E71",sensors-electrical,20,GM-61316945876-1.jpg,PILU8022228
GM-61319113773,مفتاح زجاج,Window Switch,6131 9113 773,"E60,E83",sensors-electrical,20,GM-61319113773-1.jpg,PILU8022228
GM-61319113771,مفتاح زجاج,Window Switch,6131 9113 771,"E60,E83",sensors-electrical,20,GM-61319113771-1.jpg,PILU8022228
GM-61319217329,مفتاح زجاج أمامي شمال,Front Left Window Switch,6131 9217 329,E90,sensors-electrical,65,GM-61319217329-1.jpg,PILU8022228
GM-61319217334-6B0F,مفتاح زجاج أمامي شمال,Front Left Window Switch,6131 9217 334,E90,sensors-electrical,65,GM-61319217334-6B0F-1.jpg,PILU8022228
GM-51457138797,CUP HOLDER STRIP TRIM,Cup Holder Strip Trim,5145 7138 797,E90,interior-trim,60,GM-51457138797-1.jpg,PILU8022228
GM-511692189251,DRINKS CUP HOLDER,Drinks Cup Holder,5116 9218 925-1,"F30,F35,F34,F33,F31,F36",interior-trim,45,GM-511692189251-1.jpg,PILU8022228
GM-51417279315T4,INNER DOOR PULL HANDLE SET,Inner Door Pull Handle Set,5141 7279 315-T4,F30,interior-trim,55,,PILU8022228
GM-51417275487T4,HANDLE COVER,Handle Cover,5141 7275 487-T4,F35,interior-trim,90,GM-51417275487T4-1.jpg,PILU8022228
GM-61319122112,مفتاح زجاج,Window Switch,6131 9122 112,E60,sensors-electrical,65,GM-61319122112-1.jpg,PILU8022228
GM-61319122113,مفتاح زجاج,Window Switch,6131 9122 113,E60,sensors-electrical,65,GM-61319122113-1.jpg,PILU8022228
GM-6131921604961319218044,مفتاح زجاج أمامي شمال,Front Left Window Switch,6131 9216 049 = 6131 9218 044,E84,sensors-electrical,65,GM-6131921604961319218044-1.jpg,PILU8022228
GM-61313414354,مفتاح زجاج أمامي شمال,Front Left Window Switch,6131 3414 354,E83,sensors-electrical,65,GM-61313414354-1.jpg,PILU8022228
